Data,Valore
2019-09-01,121
2019-09-02,315
2019-09-03,53
2019-09-04,0
2019-09-05,0
2019-09-06,59
2019-09-07,0
2019-09-08,45
2019-09-09,66
2019-09-10,0
2019-09-11,62
2019-09-12,0
2019-09-13,0
2019-09-14,279
2019-09-15,103
2019-09-16,0
2019-09-17,82
2019-09-18,223
2019-09-19,40
2019-09-20,137
2019-09-21,59
2019-09-22,60
2019-09-23,12
2019-09-24,184
2019-09-25,0
2019-09-26,52
2019-09-27,2
2019-09-28,109
2019-09-29,280
2019-09-30,43
2019-10-01,89
2019-10-02,172
2019-10-03,0
2019-10-04,0
2019-10-05,0
2019-10-06,23
2019-10-07,22
2019-10-08,0
2019-10-09,0
2019-10-10,0
2019-10-11,13
2019-10-12,43
2019-10-13,159
2019-10-14,301
2019-10-15,0
2019-10-16,0
2019-10-17,0
2019-10-18,0
2019-10-19,0
2019-10-20,0
2019-10-21,0
2019-10-22,0
2019-10-23,0
2019-10-24,0
2019-10-25,0
2019-10-26,0
2019-10-27,0
2019-10-28,0
2019-10-29,0
2019-10-30,0
2019-10-31,0
2019-10-01,89
2019-10-02,172
2019-10-03,0
2019-10-04,0
2019-10-05,0
2019-10-06,23
2019-10-07,22
2019-10-08,0
2019-10-09,0
2019-10-10,0
2019-10-11,13
2019-10-12,43
2019-10-13,159
2019-10-14,310
2019-10-15,0
2019-10-16,377
2019-10-17,53
2019-10-18,137
2019-10-19,117
2019-10-20,55
2019-10-21,118
2019-10-22,67
2019-10-23,0
2019-10-24,48
2019-10-25,0
2019-10-26,18
2019-10-27,22
2019-10-28,0
2019-10-29,56
2019-10-30,116
2019-10-31,0
2019-11-01,1
2019-11-02,4
2019-11-03,239
2019-11-04,0
2019-11-05,50
2019-11-06,0
2019-11-07,0
2019-11-08,0
2019-11-09,0
2019-11-10,0
2019-11-11,0
2019-11-12,0
2019-11-13,0
2019-11-14,0
2019-11-15,0
2019-11-16,0
2019-11-17,0
2019-11-18,0
2019-11-19,0
2019-11-20,0
2019-11-21,0
2019-11-22,0
2019-11-23,0
2019-11-24,0
2019-11-25,0
2019-11-26,0
2019-11-27,0
2019-11-28,0
2019-11-29,0
2019-11-30,0
2019-11-01,1
2019-11-02,4
2019-11-03,239
2019-11-04,0
2019-11-05,50
2019-11-06,0
2019-11-07,0
2019-11-08,0
2019-11-09,0
2019-11-10,0
2019-11-11,0
2019-11-12,0
2019-11-13,0
2019-11-14,0
2019-11-15,0
2019-11-16,0
2019-11-17,0
2019-11-18,0
2019-11-19,0
2019-11-20,12
2019-11-21,159
2019-11-22,78
2019-11-23,149
2019-11-24,224
2019-11-25,0
2019-11-26,141
2019-11-27,0
2019-11-28,19
2019-11-29,53
2019-11-30,94
2019-12-01,9
2019-12-02,64
2019-12-03,6
2019-12-04,121
2019-12-05,0
2019-12-06,8
2019-12-07,7
2019-12-08,0
2019-12-09,0
2019-12-10,0
2019-12-11,0
2019-12-12,0
2019-12-13,0
2019-12-14,0
2019-12-15,0
2019-12-16,0
2019-12-17,0
2019-12-18,0
2019-12-19,0
2019-12-20,0
2019-12-21,0
2019-12-22,0
2019-12-23,0
2019-12-24,0
2019-12-25,0
2019-12-26,0
2019-12-27,0
2019-12-28,0
2019-12-29,0
2019-12-30,0
2019-12-31,0
2019-12-01,9
2019-12-02,64
2019-12-03,6
2019-12-04,121
2019-12-05,0
2019-12-06,8
2019-12-07,7
2019-12-08,0
2019-12-09,0
2019-12-10,0
2019-12-11,0
2019-12-12,0
2019-12-13,0
2019-12-14,0
2019-12-15,0
2019-12-16,0
2019-12-17,0
2019-12-18,124
2019-12-19,4
2019-12-20,0
2019-12-21,0
2019-12-22,55
2019-12-23,159
2019-12-24,0
2019-12-25,0
2019-12-26,0
2019-12-27,0
2019-12-28,0
2019-12-29,32
2019-12-30,0
2019-12-31,0
2020-01-01,1
2020-01-02,68
2020-01-03,96
2020-01-04,0
2020-01-05,33
2020-01-06,0
2020-01-07,0
2020-01-08,30
2020-01-09,0
2020-01-10,105
2020-01-11,0
2020-01-12,0
2020-01-13,0
2020-01-14,9
2020-01-15,0
2020-01-16,0
2020-01-17,0
2020-01-18,0
2020-01-19,0
2020-01-20,0
2020-01-21,0
2020-01-22,0
2020-01-23,0
2020-01-24,0
2020-01-25,0
2020-01-26,0
2020-01-27,0
2020-01-28,0
2020-01-29,0
2020-01-30,0
2020-01-31,0
2020-01-01,1
2020-01-02,68
2020-01-03,96
2020-01-04,0
2020-01-05,33
2020-01-06,0
2020-01-07,0
2020-01-08,30
2020-01-09,0
2020-01-10,105
2020-01-11,0
2020-01-12,0
2020-01-13,0
2020-01-14,9
2020-01-15,185
2020-01-16,152
2020-01-17,56
2020-01-18,0
2020-01-19,0
2020-01-20,0
2020-01-21,39
2020-01-22,0
2020-01-23,0
2020-01-24,0
2020-01-25,96
2020-01-26,0
2020-01-27,0
2020-01-28,0
2020-01-29,403
2020-01-30,0
2020-01-31,2
2020-02-01,15
2020-02-02,394
2020-02-03,0
2020-02-04,0
2020-02-05,0
2020-02-06,0
2020-02-07,0
2020-02-08,0
2020-02-09,0
2020-02-10,0
2020-02-11,26
2020-02-12,0
2020-02-13,158
2020-02-14,75
2020-02-15,0
2020-02-16,0
2020-02-17,0
2020-02-18,0
2020-02-19,0
2020-02-20,0
2020-02-21,0
2020-02-22,0
2020-02-23,0
2020-02-24,0
2020-02-25,0
2020-02-26,0
2020-02-27,0
2020-02-28,0
2020-02-29,0
2020-02-01,15
2020-02-02,394
2020-02-03,0
2020-02-04,0
2020-02-05,0
2020-02-06,0
2020-02-07,0
2020-02-08,0
2020-02-09,0
2020-02-10,0
2020-02-11,26
2020-02-12,0
2020-02-13,158
2020-02-14,75
2020-02-15,4
2020-02-16,27
2020-02-17,24
2020-02-18,0
2020-02-19,0
2020-02-20,0
2020-02-21,0
2020-02-22,0
2020-02-23,276
2020-02-24,0
2020-02-25,18
2020-02-26,0
2020-02-27,194
2020-02-28,0
2020-02-29,0
2020-03-01,0
2020-03-02,0
2020-03-03,0
2020-03-04,0
2020-03-05,0
2020-03-06,0
2020-03-07,0
2020-03-08,0
2020-03-09,0
2020-03-10,0
2020-03-11,0
2020-03-12,57
2020-03-13,128
2020-03-14,0
2020-03-15,0
2020-03-16,0
2020-03-17,0
2020-03-18,0
2020-03-19,0
2020-03-20,0
2020-03-21,0
2020-03-22,0
2020-03-23,0
2020-03-24,0
2020-03-25,0
2020-03-26,0
2020-03-27,0
2020-03-28,0
2020-03-29,0
2020-03-30,0
2020-03-31,0
2020-03-01,0
2020-03-02,0
2020-03-03,0
2020-03-04,0
2020-03-05,0
2020-03-06,0
2020-03-07,0
2020-03-08,0
2020-03-09,0
2020-03-10,0
2020-03-11,0
2020-03-12,57
2020-03-13,85
2020-03-14,43
2020-03-15,0
2020-03-16,0
2020-03-17,0
2020-03-18,0
2020-03-19,0
2020-03-20,0
2020-03-21,0
2020-03-22,12
2020-03-23,0
2020-03-24,0
2020-03-25,0
2020-03-26,0
2020-03-27,44
2020-03-28,0
2020-03-29,0
2020-03-30,0
2020-03-31,0
2020-04-01,0
2020-04-02,0
2020-04-03,0
2020-04-04,0
2020-04-05,0
2020-04-06,34
2020-04-07,86
2020-04-08,57
2020-04-09,6
2020-04-10,73
2020-04-11,0
2020-04-12,101
2020-04-13,77
2020-04-14,0
2020-04-15,3
2020-04-16,0
2020-04-17,0
2020-04-18,0
2020-04-19,0
2020-04-20,0
2020-04-21,0
2020-04-22,0
2020-04-23,0
2020-04-24,0
2020-04-25,0
2020-04-26,0
2020-04-27,0
2020-04-28,0
2020-04-29,0
2020-04-30,0
2020-04-01,0
2020-04-02,0
2020-04-03,0
2020-04-04,0
2020-04-05,0
2020-04-06,34
2020-04-07,86
2020-04-08,57
2020-04-09,6
2020-04-10,73
2020-04-11,0
2020-04-12,101
2020-04-13,77
2020-04-14,0
2020-04-15,10
2020-04-16,1
2020-04-17,0
2020-04-18,38
2020-04-19,0
2020-04-20,0
2020-04-21,0
2020-04-22,0
2020-04-23,32
2020-04-24,0
2020-04-25,56
2020-04-26,0
2020-04-27,0
2020-04-28,100
2020-04-29,0
2020-04-30,0
2020-05-01,0
2020-05-02,78
2020-05-03,44
2020-05-04,316
2020-05-05,10
2020-05-06,192
2020-05-07,0
2020-05-08,0
2020-05-09,79
2020-05-10,0
2020-05-11,0
2020-05-12,10
2020-05-13,43
2020-05-14,0
2020-05-15,0
2020-05-16,0
2020-05-17,0
2020-05-18,0
2020-05-19,0
2020-05-20,0
2020-05-21,0
2020-05-22,0
2020-05-23,0
2020-05-24,0
2020-05-25,0
2020-05-26,0
2020-05-27,0
2020-05-28,0
2020-05-29,0
2020-05-30,0
2020-05-31,0
2020-05-01,0
2020-05-02,78
2020-05-03,44
2020-05-04,316
2020-05-05,10
2020-05-06,192
2020-05-07,0
2020-05-08,0
2020-05-09,79
2020-05-10,0
2020-05-11,0
2020-05-12,0
2020-05-13,53
2020-05-14,0
2020-05-15,0
2020-05-16,68
2020-05-17,2
2020-05-18,0
2020-05-19,0
2020-05-20,137
2020-05-21,1
2020-05-22,7
2020-05-23,97
2020-05-24,178
2020-05-25,40
2020-05-26,71
2020-05-27,0
2020-05-28,186
2020-05-29,0
2020-05-30,0
2020-05-31,95
2020-06-01,42
2020-06-02,137
2020-06-03,60
2020-06-04,103
2020-06-05,0
2020-06-06,0
2020-06-07,11
2020-06-08,0
2020-06-09,0
2020-06-10,0
2020-06-11,49
2020-06-12,5
2020-06-13,61
2020-06-14,0
2020-06-15,52
2020-06-16,0
2020-06-17,0
2020-06-18,0
2020-06-19,0
2020-06-20,0
2020-06-21,0
2020-06-22,0
2020-06-23,0
2020-06-24,0
2020-06-25,0
2020-06-26,0
2020-06-27,0
2020-06-28,0
2020-06-29,0
2020-06-30,0
2020-06-01,42
2020-06-02,137
2020-06-03,60
2020-06-04,103
2020-06-05,0
2020-06-06,0
2020-06-07,11
2020-06-08,0
2020-06-09,0
2020-06-10,0
2020-06-11,49
2020-06-12,5
2020-06-13,59
2020-06-14,0
2020-06-15,52
2020-06-16,0
2020-06-17,59
2020-06-18,90
2020-06-19,55
2020-06-20,132
2020-06-21,211
2020-06-22,0
2020-06-23,0
2020-06-24,169
2020-06-25,223
2020-06-26,1
2020-06-27,37
2020-06-28,115
2020-06-29,82
2020-06-30,1
2020-07-01,258
2020-07-02,106
2020-07-03,0
2020-07-04,0
2020-07-05,54
2020-07-06,180
2020-07-07,6
2020-07-08,0
2020-07-09,138
2020-07-10,698
2020-07-11,362
2020-07-12,209
2020-07-13,349
2020-07-14,337
2020-07-15,59
2020-07-16,0
2020-07-17,0
2020-07-18,0
2020-07-19,0
2020-07-20,0
2020-07-21,0
2020-07-22,0
2020-07-23,0
2020-07-24,0
2020-07-25,0
2020-07-26,0
2020-07-27,0
2020-07-28,0
2020-07-29,0
2020-07-30,0
2020-07-31,0
2020-07-01,252
2020-07-02,112
2020-07-03,0
2020-07-04,0
2020-07-05,54
2020-07-06,180
2020-07-07,6
2020-07-08,0
2020-07-09,138
2020-07-10,698
2020-07-11,360
2020-07-12,198
2020-07-13,351
2020-07-14,337
2020-07-15,128
2020-07-16,0
2020-07-17,9
2020-07-18,0
2020-07-19,0
2020-07-20,83
2020-07-21,385
2020-07-22,697
2020-07-23,336
2020-07-24,416
2020-07-25,279
2020-07-26,117
2020-07-27,402
2020-07-28,519
2020-07-29,337
2020-07-30,284
2020-07-31,92
2020-08-01,305
2020-08-02,85
2020-08-03,336
2020-08-04,90
2020-08-05,0
2020-08-06,0
2020-08-07,0
2020-08-08,0
2020-08-09,0
2020-08-10,102
2020-08-11,219
2020-08-12,147
2020-08-13,106
2020-08-14,28
2020-08-15,16
2020-08-16,0
2020-08-17,0
2020-08-18,0
2020-08-19,0
2020-08-20,0
2020-08-21,0
2020-08-22,0
2020-08-23,0
2020-08-24,0
2020-08-25,0
2020-08-26,0
2020-08-27,0
2020-08-28,0
2020-08-29,0
2020-08-30,0
2020-08-31,0
2020-08-01,305
2020-08-02,85
2020-08-03,336
2020-08-04,90
2020-08-05,0
2020-08-06,0
2020-08-07,0
2020-08-08,0
2020-08-09,0
2020-08-10,103
2020-08-11,216
2020-08-12,146
2020-08-13,109
2020-08-14,35
2020-08-15,70
2020-08-16,447
2020-08-17,404
2020-08-18,235
2020-08-19,220
2020-08-20,341
2020-08-21,295
2020-08-22,0
2020-08-23,50
2020-08-24,0
2020-08-25,0
2020-08-26,65
2020-08-27,220
2020-08-28,661
2020-08-29,228
2020-08-30,516
2020-08-31,0
2020-09-01,51
2020-09-02,371
2020-09-03,160
2020-09-04,33
2020-09-05,22
2020-09-06,15
2020-09-07,0
2020-09-08,127
2020-09-09,255
2020-09-10,205
2020-09-11,43
2020-09-12,201
2020-09-13,145
2020-09-14,74
2020-09-15,0
2020-09-16,0
2020-09-17,0
2020-09-18,0
2020-09-19,0
2020-09-20,0
2020-09-21,0
2020-09-22,0
2020-09-23,0
2020-09-24,0
2020-09-25,0
2020-09-26,0
2020-09-27,0
2020-09-28,0
2020-09-29,0
2020-09-30,0
2020-09-01,51
2020-09-02,371
2020-09-03,160
2020-09-04,33
2020-09-05,22
2020-09-06,15
2020-09-07,0
2020-09-08,127
2020-09-09,254
2020-09-10,205
2020-09-11,43
2020-09-12,201
2020-09-13,146
2020-09-14,74
2020-09-15,34
2020-09-16,122
2020-09-17,179
2020-09-18,346
2020-09-19,269
2020-09-20,667
2020-09-21,482
2020-09-22,132
2020-09-23,71
2020-09-24,29
2020-09-25,144
2020-09-26,0
2020-09-27,0
2020-09-28,65
2020-09-29,95
2020-09-30,43
2020-10-01,62
2020-10-02,314
2020-10-03,78
2020-10-04,152
2020-10-05,58
2020-10-06,110
2020-10-07,0
2020-10-08,4
2020-10-09,88
2020-10-10,604
2020-10-11,559
2020-10-12,72
2020-10-13,93
2020-10-14,0
2020-10-15,0
2020-10-16,0
2020-10-17,0
2020-10-18,0
2020-10-19,0
2020-10-20,0
2020-10-21,0
2020-10-22,0
2020-10-23,0
2020-10-24,0
2020-10-25,0
2020-10-26,0
2020-10-27,0
2020-10-28,0
2020-10-29,0
2020-10-30,0
2020-10-31,0
2020-10-01,62
2020-10-02,314
2020-10-03,78
2020-10-04,153
2020-10-05,58
2020-10-06,109
2020-10-07,0
2020-10-08,4
2020-10-09,88
2020-10-10,609
2020-10-11,555
2020-10-12,71
2020-10-13,93
2020-10-14,0
2020-10-15,0
2020-10-16,0
2020-10-17,19
2020-10-18,117
2020-10-19,111
2020-10-20,112
2020-10-21,380
2020-10-22,23
2020-10-23,129
2020-10-24,50
2020-10-25,54
2020-10-26,142
2020-10-27,0
2020-10-28,133
2020-10-29,0
2020-10-30,0
2020-10-31,0
2020-11-01,558
2020-11-02,583
2020-11-03,923
2020-11-04,302
2020-11-05,287
2020-11-06,299
2020-11-07,256
2020-11-08,105
2020-11-09,53
2020-11-10,206
2020-11-11,200
2020-11-12,239
2020-11-13,252
2020-11-14,571
2020-11-15,0
2020-11-16,0
2020-11-17,0
2020-11-18,0
2020-11-19,0
2020-11-20,0
2020-11-21,0
2020-11-22,0
2020-11-23,0
2020-11-24,0
2020-11-25,0
2020-11-26,0
2020-11-27,0
2020-11-28,0
2020-11-29,0
2020-11-30,0
2020-11-01,558
2020-11-02,582
2020-11-03,924
2020-11-04,302
2020-11-05,287
2020-11-06,299
2020-11-07,261
2020-11-08,105
2020-11-09,53
2020-11-10,206
2020-11-11,201
2020-11-12,239
2020-11-13,253
2020-11-14,571
2020-11-15,67
2020-11-16,117
2020-11-17,71
2020-11-18,0
2020-11-19,177
2020-11-20,0
2020-11-21,0
2020-11-22,0
2020-11-23,0
2020-11-24,0
2020-11-25,66
2020-11-26,0
2020-11-27,0
2020-11-28,0
2020-11-29,21
2020-11-30,0
2020-12-01,26
2020-12-02,76
2020-12-03,0
2020-12-04,0
2020-12-05,72
2020-12-06,182
2020-12-07,0
2020-12-08,0
2020-12-09,0
2020-12-10,0
2020-12-11,0
2020-12-12,0
2020-12-13,0
2020-12-14,0
2020-12-15,0
2020-12-16,0
2020-12-17,0
2020-12-18,0
2020-12-19,0
2020-12-20,0
2020-12-21,0
2020-12-22,0
2020-12-23,0
2020-12-24,0
2020-12-25,0
2020-12-26,0
2020-12-27,0
2020-12-28,0
2020-12-29,0
2020-12-30,0
2020-12-31,0
2020-12-01,26
2020-12-02,76
2020-12-03,0
2020-12-04,0
2020-12-05,72
2020-12-06,182
2020-12-07,0
2020-12-08,0
2020-12-09,0
2020-12-10,0
2020-12-11,0
2020-12-12,0
2020-12-13,0
2020-12-14,0
2020-12-15,306
2020-12-16,71
2020-12-17,98
2020-12-18,4
2020-12-19,72
2020-12-20,98
2020-12-21,119
2020-12-22,58
2020-12-23,118
2020-12-24,241
2020-12-25,18
2020-12-26,12
2020-12-27,0
2020-12-28,0
2020-12-29,0
2020-12-30,0
2020-12-31,20
2021-01-01,0
2021-01-02,0
2021-01-03,0
2021-01-04,265
2021-01-05,0
2021-01-06,0
2021-01-07,7
2021-01-08,0
2021-01-09,15
2021-01-10,0
2021-01-11,53
2021-01-12,0
2021-01-13,0
2021-01-14,0
2021-01-15,0
2021-01-16,0
2021-01-17,0
2021-01-18,0
2021-01-19,0
2021-01-20,0
2021-01-21,0
2021-01-22,0
2021-01-23,0
2021-01-24,0
2021-01-25,0
2021-01-26,0
2021-01-27,0
2021-01-28,0
2021-01-29,0
2021-01-30,0
2021-01-31,0
2021-01-01,0
2021-01-02,0
2021-01-03,0
2021-01-04,265
2021-01-05,0
2021-01-06,0
2021-01-07,7
2021-01-08,0
2021-01-09,15
2021-01-10,0
2021-01-11,53
2021-01-12,0
2021-01-13,0
2021-01-14,0
2021-01-15,0
2021-01-16,0
2021-01-17,0
2021-01-18,0
2021-01-19,18
2021-01-20,21
2021-01-21,0
2021-01-22,0
2021-01-23,1
2021-01-24,0
2021-01-25,492
2021-01-26,0
2021-01-27,0
2021-01-28,25
2021-01-29,59
2021-01-30,83
2021-01-31,0
2021-02-01,0
2021-02-02,0
2021-02-03,56
2021-02-04,418
2021-02-05,146
2021-02-06,67
2021-02-07,0
2021-02-08,453
2021-02-09,54
2021-02-10,0
2021-02-11,0
2021-02-12,106
2021-02-13,2
2021-02-14,0
2021-02-15,0
2021-02-16,0
2021-02-17,0
2021-02-18,0
2021-02-19,0
2021-02-20,0
2021-02-21,0
2021-02-22,0
2021-02-23,0
2021-02-24,0
2021-02-25,0
2021-02-26,0
2021-02-27,0
2021-02-28,0
2021-02-01,0
2021-02-02,0
2021-02-03,56
2021-02-04,418
2021-02-05,146
2021-02-06,67
2021-02-07,0
2021-02-08,453
2021-02-09,54
2021-02-10,0
2021-02-11,0
2021-02-12,106
2021-02-13,2
2021-02-14,0
2021-02-15,0
2021-02-16,145
2021-02-17,182
2021-02-18,264
2021-02-19,505
2021-02-20,292
2021-02-21,92
2021-02-22,336
2021-02-23,0
2021-02-24,148
2021-02-25,164
2021-02-26,328
2021-02-27,90
2021-02-28,36
2021-03-01,371
2021-03-02,0
2021-03-03,0
2021-03-04,363
2021-03-05,0
2021-03-06,16
2021-03-07,0
2021-03-08,125
2021-03-09,187
2021-03-10,0
2021-03-11,0
2021-03-12,5
2021-03-13,41
2021-03-14,0
2021-03-15,0
2021-03-16,0
2021-03-17,0
2021-03-18,0
2021-03-19,0
2021-03-20,0
2021-03-21,0
2021-03-22,0
2021-03-23,0
2021-03-24,0
2021-03-25,0
2021-03-26,0
2021-03-27,0
2021-03-28,0
2021-03-29,0
2021-03-30,0
2021-03-31,0
2021-03-01,272
2021-03-02,0
2021-03-03,0
2021-03-04,363
2021-03-05,0
2021-03-06,16
2021-03-07,0
2021-03-08,125
2021-03-09,187
2021-03-10,0
2021-03-11,0
2021-03-12,5
2021-03-13,41
2021-03-14,0
2021-03-15,0
2021-03-16,0
2021-03-17,0
2021-03-18,26
2021-03-19,0
2021-03-20,0
2021-03-21,0
2021-03-22,0
2021-03-23,116
2021-03-24,0
2021-03-25,22
2021-03-26,116
2021-03-27,13
2021-03-28,0
2021-03-29,170
2021-03-30,481
2021-03-31,0
2021-04-01,723
2021-04-02,28
2021-04-03,215
2021-04-04,0
2021-04-05,0
2021-04-06,81
2021-04-07,0
2021-04-08,30
2021-04-09,0
2021-04-10,0
2021-04-11,0
2021-04-12,0
2021-04-13,0
2021-04-14,0
2021-04-15,0
2021-04-16,0
2021-04-17,0
2021-04-18,0
2021-04-19,0
2021-04-20,0
2021-04-21,0
2021-04-22,0
2021-04-23,0
2021-04-24,0
2021-04-25,0
2021-04-26,0
2021-04-27,0
2021-04-28,0
2021-04-29,0
2021-04-30,0
2021-04-01,723
2021-04-02,28
2021-04-03,215
2021-04-04,0
2021-04-05,0
2021-04-06,81
2021-04-07,0
2021-04-08,30
2021-04-09,0
2021-04-10,0
2021-04-11,0
2021-04-12,0
2021-04-13,0
2021-04-14,0
2021-04-15,17
2021-04-16,0
2021-04-17,0
2021-04-18,0
2021-04-19,37
2021-04-20,45
2021-04-21,0
2021-04-22,0
2021-04-23,0
2021-04-24,0
2021-04-25,175
2021-04-26,139
2021-04-27,32
2021-04-28,0
2021-04-29,63
2021-04-30,0
2021-05-01,992
2021-05-02,60
2021-05-03,68
2021-05-04,484
2021-05-05,61
2021-05-06,47
2021-05-07,7
2021-05-08,16
2021-05-09,1952
2021-05-10,293
2021-05-11,17
2021-05-12,66
2021-05-13,56
2021-05-14,0
2021-05-15,0
2021-05-16,0
2021-05-17,0
2021-05-18,0
2021-05-19,0
2021-05-20,0
2021-05-21,0
2021-05-22,0
2021-05-23,0
2021-05-24,0
2021-05-25,0
2021-05-26,0
2021-05-27,0
2021-05-28,0
2021-05-29,0
2021-05-30,0
2021-05-31,0
2021-05-01,992
2021-05-02,60
2021-05-03,68
2021-05-04,484
2021-05-05,61
2021-05-06,47
2021-05-07,7
2021-05-08,16
2021-05-09,1952
2021-05-10,293
2021-05-11,16
2021-05-12,66
2021-05-13,56
2021-05-14,0
2021-05-15,0
2021-05-16,37
2021-05-17,189
2021-05-18,0
2021-05-19,1
2021-05-20,0
2021-05-21,407
2021-05-22,0
2021-05-23,0
2021-05-24,0
2021-05-25,0
2021-05-26,98
2021-05-27,191
2021-05-28,305
2021-05-29,0
2021-05-30,53
2021-05-31,0
2021-06-01,237
2021-06-02,33
2021-06-03,0
2021-06-04,45
2021-06-05,0
2021-06-06,58
2021-06-07,0
2021-06-08,130
2021-06-09,57
2021-06-10,25
2021-06-11,106
2021-06-12,1157
2021-06-13,200
2021-06-14,680
2021-06-15,278
2021-06-16,0
2021-06-17,0
2021-06-18,0
2021-06-19,0
2021-06-20,0
2021-06-21,0
2021-06-22,0
2021-06-23,0
2021-06-24,0
2021-06-25,0
2021-06-26,0
2021-06-27,0
2021-06-28,0
2021-06-29,0
2021-06-30,0
2021-06-01,237
2021-06-02,33
2021-06-03,0
2021-06-04,45
2021-06-05,0
2021-06-06,58
2021-06-07,0
2021-06-08,130
2021-06-09,57
2021-06-10,25
2021-06-11,106
2021-06-12,1157
2021-06-13,197
2021-06-14,683
2021-06-15,697
2021-06-16,53
2021-06-17,189
2021-06-18,493
2021-06-19,100
2021-06-20,166
2021-06-21,108
2021-06-22,135
2021-06-23,0
2021-06-24,0
2021-06-25,30
2021-06-26,109
2021-06-27,294
2021-06-28,99
2021-06-29,334
2021-06-30,132
2021-07-01,323
2021-07-02,12
2021-07-03,434
2021-07-04,316
2021-07-05,120
2021-07-06,101
2021-07-07,869
2021-07-08,204
2021-07-09,722
2021-07-10,168
2021-07-11,139
2021-07-12,560
2021-07-13,104
2021-07-14,18
2021-07-15,0
2021-07-16,0
2021-07-17,0
2021-07-18,0
2021-07-19,0
2021-07-20,17
2021-07-21,508
2021-07-22,403
2021-07-23,941
2021-07-24,728
2021-07-25,251
2021-07-26,0
2021-07-27,0
2021-07-28,297
2021-07-29,682
2021-07-30,353
2021-07-31,68
2021-08-01,224
2021-08-02,562
2021-08-03,198
2021-08-04,207
2021-08-05,70
2021-08-06,293
2021-08-07,523
2021-08-08,562
2021-08-09,76
2021-08-10,147
2021-08-11,529
2021-08-12,248
2021-08-13,343
2021-08-14,759
2021-08-15,96
2021-08-16,0
2021-08-17,0
2021-08-18,0
2021-08-19,0
2021-08-20,0
2021-08-21,0
2021-08-22,0
2021-08-23,0
2021-08-24,0
2021-08-25,0
2021-08-26,0
2021-08-27,0
2021-08-28,0
2021-08-29,0
2021-08-30,0
2021-08-31,0
2021-08-01,224
2021-08-02,562
2021-08-03,198
2021-08-04,207
2021-08-05,70
2021-08-06,293
2021-08-07,524
2021-08-08,562
2021-08-09,76
2021-08-10,147
2021-08-11,530
2021-08-12,249
2021-08-13,343
2021-08-14,756
2021-08-15,520
2021-08-16,155
2021-08-17,279
2021-08-18,200
2021-08-19,0
2021-08-20,56
2021-08-21,258
2021-08-22,131
2021-08-23,999
2021-08-24,689
2021-08-25,93
2021-08-26,106
2021-08-27,123
2021-08-28,845
2021-08-29,381
2021-08-30,217
2021-08-31,152
2021-09-01,68
2021-09-02,87
2021-09-03,0
2021-09-04,168
2021-09-05,195
2021-09-06,37
2021-09-07,165
2021-09-08,579
2021-09-09,378
2021-09-10,0
2021-09-11,19
2021-09-12,83
2021-09-13,99
2021-09-14,770
2021-09-15,128
2021-09-16,0
2021-09-17,0
2021-09-18,0
2021-09-19,0
2021-09-20,0
2021-09-21,0
2021-09-22,0
2021-09-23,0
2021-09-24,0
2021-09-25,0
2021-09-26,0
2021-09-27,0
2021-09-28,0
2021-09-29,0
2021-09-30,0
2021-09-01,68
2021-09-02,87
2021-09-03,0
2021-09-04,168
2021-09-05,195
2021-09-06,37
2021-09-07,165
2021-09-08,579
2021-09-09,378
2021-09-10,0
2021-09-11,19
2021-09-12,82
2021-09-13,98
2021-09-14,771
2021-09-15,693
2021-09-16,293
2021-09-17,135
2021-09-18,87
2021-09-19,9
2021-09-20,98
2021-09-21,134
2021-09-22,256
2021-09-23,407
2021-09-24,207
2021-09-25,122
2021-09-26,265
2021-09-27,836
2021-09-28,162
2021-09-29,406
2021-09-30,0
2021-10-01,211
2021-10-02,480
2021-10-03,706
2021-10-04,136
2021-10-05,0
2021-10-06,97
2021-10-07,0
2021-10-08,202
2021-10-09,0
2021-10-10,97
2021-10-11,276
2021-10-12,119
2021-10-13,500
2021-10-14,82
2021-10-15,0
2021-10-16,0
2021-10-17,0
2021-10-18,0
2021-10-19,0
2021-10-20,0
2021-10-21,0
2021-10-22,0
2021-10-23,0
2021-10-24,0
2021-10-25,0
2021-10-26,0
2021-10-27,0
2021-10-28,0
2021-10-29,0
2021-10-30,0
2021-10-31,0
2021-10-01,211
2021-10-02,480
2021-10-03,706
2021-10-04,136
2021-10-05,0
2021-10-06,97
2021-10-07,0
2021-10-08,202
2021-10-09,0
2021-10-10,97
2021-10-11,274
2021-10-12,119
2021-10-13,500
2021-10-14,84
2021-10-15,58
2021-10-16,13
2021-10-17,456
2021-10-18,357
2021-10-19,559
2021-10-20,214
2021-10-21,631
2021-10-22,58
2021-10-23,903
2021-10-24,194
2021-10-25,105
2021-10-26,50
2021-10-27,367
2021-10-28,0
2021-10-29,0
2021-10-30,59
2021-10-31,16
2021-11-01,117
2021-11-02,282
2021-11-03,426
2021-11-04,122
2021-11-05,213
2021-11-06,147
2021-11-07,1069
2021-11-08,664
2021-11-09,829
2021-11-10,171
2021-11-11,354
2021-11-12,27
2021-11-13,123
2021-11-14,1100
2021-11-15,52
2021-11-16,0
2021-11-17,0
2021-11-18,0
2021-11-19,0
2021-11-20,0
2021-11-21,0
2021-11-22,0
2021-11-23,0
2021-11-24,0
2021-11-25,0
2021-11-26,0
2021-11-27,0
2021-11-28,0
2021-11-29,0
2021-11-30,0
2021-11-01,117
2021-11-02,282
2021-11-03,426
2021-11-04,122
2021-11-05,213
2021-11-06,147
2021-11-07,1069
2021-11-08,664
2021-11-09,829
2021-11-10,171
2021-11-11,354
2021-11-12,27
2021-11-13,123
2021-11-14,1099
2021-11-15,177
2021-11-16,212
2021-11-17,181
2021-11-18,50
2021-11-19,186
2021-11-20,137
2021-11-21,1034
2021-11-22,294
2021-11-23,51
2021-11-24,248
2021-11-25,584
2021-11-26,0
2021-11-27,463
2021-11-28,244
2021-11-29,0
2021-11-30,0
2021-12-01,0
2021-12-02,119
2021-12-03,0
2021-12-04,0
2021-12-05,0
2021-12-06,0
2021-12-07,0
2021-12-08,0
2021-12-09,0
2021-12-10,0
2021-12-11,0
2021-12-12,0
2021-12-13,0
2021-12-14,14
2021-12-15,0
2021-12-16,0
2021-12-17,0
2021-12-18,0
2021-12-19,0
2021-12-20,0
2021-12-21,0
2021-12-22,0
2021-12-23,0
2021-12-24,0
2021-12-25,0
2021-12-26,0
2021-12-27,0
2021-12-28,0
2021-12-29,0
2021-12-30,0
2021-12-31,0
2021-12-01,0
2021-12-02,119
2021-12-03,0
2021-12-04,0
2021-12-05,0
2021-12-06,0
2021-12-07,0
2021-12-08,0
2021-12-09,0
2021-12-10,0
2021-12-11,0
2021-12-12,0
2021-12-13,0
2021-12-14,14
2021-12-15,67
2021-12-16,267
2021-12-17,462
2021-12-18,0
2021-12-19,4
2021-12-20,132
2021-12-21,51
2021-12-22,276
2021-12-23,286
2021-12-24,718
2021-12-25,492
2021-12-26,600
2021-12-27,51
2021-12-28,0
2021-12-29,558
2021-12-30,0
2021-12-31,0
2022-01-01,36
2022-01-02,45
2022-01-03,35
2022-01-04,209
2022-01-05,43
2022-01-06,0
2022-01-07,0
2022-01-08,10
2022-01-09,0
2022-01-10,0
2022-01-11,0
2022-01-12,0
2022-01-13,0
2022-01-14,0
2022-01-15,0
2022-01-16,0
2022-01-17,0
2022-01-18,0
2022-01-19,0
2022-01-20,0
2022-01-21,0
2022-01-22,0
2022-01-23,0
2022-01-24,0
2022-01-25,0
2022-01-26,0
2022-01-27,0
2022-01-28,0
2022-01-29,0
2022-01-30,0
2022-01-31,0
2022-01-01,36
2022-01-02,45
2022-01-03,35
2022-01-04,209
2022-01-05,43
2022-01-06,0
2022-01-07,0
2022-01-08,10
2022-01-09,0
2022-01-10,0
2022-01-11,0
2022-01-12,0
2022-01-13,0
2022-01-14,0
2022-01-15,0
2022-01-16,8
2022-01-17,0
2022-01-18,0
2022-01-19,196
2022-01-20,260
2022-01-21,607
2022-01-22,142
2022-01-23,153
2022-01-24,27
2022-01-25,280
2022-01-26,23
2022-01-27,176
2022-01-28,609
2022-01-29,0
2022-01-30,176
2022-01-31,0
2022-02-01,0
2022-02-02,0
2022-02-03,0
2022-02-04,0
2022-02-05,18
2022-02-06,0
2022-02-07,0
2022-02-08,0
2022-02-09,0
2022-02-10,102
2022-02-11,257
2022-02-12,365
2022-02-13,247
2022-02-14,56
2022-02-15,0
2022-02-16,0
2022-02-17,0
2022-02-18,0
2022-02-19,0
2022-02-20,0
2022-02-21,0
2022-02-22,0
2022-02-23,0
2022-02-24,0
2022-02-25,0
2022-02-26,0
2022-02-27,0
2022-02-28,0
2022-02-01,0
2022-02-02,0
2022-02-03,0
2022-02-04,0
2022-02-05,18
2022-02-06,0
2022-02-07,0
2022-02-08,0
2022-02-09,0
2022-02-10,102
2022-02-11,257
2022-02-12,365
2022-02-13,247
2022-02-14,56
2022-02-15,85
2022-02-16,98
2022-02-17,0
2022-02-18,0
2022-02-19,438
2022-02-20,0
2022-02-21,0
2022-02-22,572
2022-02-23,0
2022-02-24,72
2022-02-25,0
2022-02-26,129
2022-02-27,0
2022-02-28,0
2022-03-01,0
2022-03-02,0
2022-03-03,0
2022-03-04,78
2022-03-05,77
2022-03-06,0
2022-03-07,178
2022-03-08,169
2022-03-09,0
2022-03-10,0
2022-03-11,105
2022-03-12,71
2022-03-13,0
2022-03-14,111
2022-03-15,0
2022-03-16,0
2022-03-17,0
2022-03-18,0
2022-03-19,0
2022-03-20,0
2022-03-21,0
2022-03-22,0
2022-03-23,0
2022-03-24,0
2022-03-25,0
2022-03-26,0
2022-03-27,0
2022-03-28,0
2022-03-29,0
2022-03-30,0
2022-03-31,0
2022-03-01,0
2022-03-02,0
2022-03-03,0
2022-03-04,78
2022-03-05,77
2022-03-06,0
2022-03-07,178
2022-03-08,169
2022-03-09,0
2022-03-10,0
2022-03-11,105
2022-03-12,71
2022-03-13,0
2022-03-14,111
2022-03-15,0
2022-03-16,104
2022-03-17,12
2022-03-18,0
2022-03-19,0
2022-03-20,0
2022-03-21,0
2022-03-22,0
2022-03-23,139
2022-03-24,25
2022-03-25,0
2022-03-26,0
2022-03-27,1
2022-03-28,158
2022-03-29,6
2022-03-30,62
2022-03-31,0
2022-04-01,0
2022-04-02,0
2022-04-03,0
2022-04-04,0
2022-04-05,0
2022-04-06,106
2022-04-07,0
2022-04-08,148
2022-04-09,537
2022-04-10,305
2022-04-11,7
2022-04-12,506
2022-04-13,0
2022-04-14,0
2022-04-15,0
2022-04-16,0
2022-04-17,0
2022-04-18,0
2022-04-19,0
2022-04-20,0
2022-04-21,0
2022-04-22,0
2022-04-23,0
2022-04-24,0
2022-04-25,0
2022-04-26,0
2022-04-27,0
2022-04-28,0
2022-04-29,0
2022-04-30,0
2022-04-01,0
2022-04-02,0
2022-04-03,0
2022-04-04,0
2022-04-05,0
2022-04-06,106
2022-04-07,0
2022-04-08,148
2022-04-09,537
2022-04-10,305
2022-04-11,7
2022-04-12,506
2022-04-13,0
2022-04-14,0
2022-04-15,0
2022-04-16,201
2022-04-17,0
2022-04-18,0
2022-04-19,27
2022-04-20,0
2022-04-21,0
2022-04-22,40
2022-04-23,69
2022-04-24,311
2022-04-25,457
2022-04-26,127
2022-04-27,219
2022-04-28,296
2022-04-29,265
2022-04-30,0
2022-05-01,0
2022-05-02,203
2022-05-03,169
2022-05-04,94
2022-05-05,294
2022-05-06,205
2022-05-07,71
2022-05-08,0
2022-05-09,86
2022-05-10,282
2022-05-11,159
2022-05-12,339
2022-05-13,402
2022-05-14,687
2022-05-15,324
2022-05-16,0
2022-05-17,0
2022-05-18,0
2022-05-19,0
2022-05-20,0
2022-05-21,0
2022-05-22,0
2022-05-23,0
2022-05-24,0
2022-05-25,0
2022-05-26,0
2022-05-27,0
2022-05-28,0
2022-05-29,0
2022-05-30,0
2022-05-31,0
2022-05-01,0
2022-05-02,203
2022-05-03,169
2022-05-04,94
2022-05-05,294
2022-05-06,205
2022-05-07,71
2022-05-08,0
2022-05-09,86
2022-05-10,282
2022-05-11,159
2022-05-12,339
2022-05-13,402
2022-05-14,687
2022-05-15,886
2022-05-16,366
2022-05-17,805
2022-05-18,706
2022-05-19,639
2022-05-20,0
2022-05-21,405
2022-05-22,44
2022-05-23,260
2022-05-24,110
2022-05-25,136
2022-05-26,202
2022-05-27,159
2022-05-28,0
2022-05-29,360
2022-05-30,562
2022-05-31,24
2022-06-01,211
2022-06-02,315
2022-06-03,147
2022-06-04,194
2022-06-05,286
2022-06-06,333
2022-06-07,225
2022-06-08,63
2022-06-09,439
2022-06-10,76
2022-06-11,92
2022-06-12,0
2022-06-13,22
2022-06-14,187
2022-06-15,107
2022-06-16,0
2022-06-17,0
2022-06-18,0
2022-06-19,0
2022-06-20,0
2022-06-21,0
2022-06-22,0
2022-06-23,0
2022-06-24,0
2022-06-25,0
2022-06-26,0
2022-06-27,0
2022-06-28,0
2022-06-29,0
2022-06-30,0
2022-06-01,211
2022-06-02,315
2022-06-03,147
2022-06-04,194
2022-06-05,286
2022-06-06,333
2022-06-07,225
2022-06-08,63
2022-06-09,439
2022-06-10,76
2022-06-11,92
2022-06-12,0
2022-06-13,22
2022-06-14,187
2022-06-15,846
2022-06-16,648
2022-06-17,360
2022-06-18,280
2022-06-19,293
2022-06-20,245
2022-06-21,105
2022-06-22,612
2022-06-23,344
2022-06-24,710
2022-06-25,32
2022-06-26,31
2022-06-27,287
2022-06-28,482
2022-06-29,78
2022-06-30,0
2022-07-01,288
2022-07-02,344
2022-07-03,140
2022-07-04,540
2022-07-05,725
2022-07-06,664
2022-07-07,528
2022-07-08,0
2022-07-09,0
2022-07-10,77
2022-07-11,0
2022-07-12,394
2022-07-13,338
2022-07-14,249
2022-07-15,27
2022-07-16,0
2022-07-17,0
2022-07-18,0
2022-07-19,0
2022-07-20,0
2022-07-21,0
2022-07-22,0
2022-07-23,0
2022-07-24,0
2022-07-25,0
2022-07-26,0
2022-07-27,0
2022-07-28,0
2022-07-29,0
2022-07-30,0
2022-07-31,0
2022-07-01,288
2022-07-02,344
2022-07-03,140
2022-07-04,540
2022-07-05,725
2022-07-06,664
2022-07-07,528
2022-07-08,0
2022-07-09,0
2022-07-10,77
2022-07-11,0
2022-07-12,394
2022-07-13,338
2022-07-14,249
2022-07-15,265
2022-07-16,552
2022-07-17,450
2022-07-18,358
2022-07-19,124
2022-07-20,267
2022-07-21,35
2022-07-22,502
2022-07-23,617
2022-07-24,1513
2022-07-25,632
2022-07-26,642
2022-07-27,709
2022-07-28,699
2022-07-29,228
2022-07-30,1536
2022-07-31,121
2022-08-01,605
2022-08-02,158
2022-08-03,159
2022-08-04,283
2022-08-05,1047
2022-08-06,520
2022-08-07,430
2022-08-08,52
2022-08-09,262
2022-08-10,227
2022-08-11,486
2022-08-12,585
2022-08-13,1439
2022-08-14,339
2022-08-15,65
2022-08-16,0
2022-08-17,0
2022-08-18,0
2022-08-19,0
2022-08-20,0
2022-08-21,0
2022-08-22,0
2022-08-23,0
2022-08-24,0
2022-08-25,0
2022-08-26,0
2022-08-27,0
2022-08-28,0
2022-08-29,0
2022-08-30,0
2022-08-31,0
2022-08-01,605
2022-08-02,158
2022-08-03,159
2022-08-04,283
2022-08-05,1047
2022-08-06,520
2022-08-07,430
2022-08-08,52
2022-08-09,262
2022-08-10,227
2022-08-11,486
2022-08-12,585
2022-08-13,1441
2022-08-14,338
2022-08-15,267
2022-08-16,645
2022-08-17,800
2022-08-18,282
2022-08-19,339
2022-08-20,121
2022-08-21,279
2022-08-22,569
2022-08-23,0
2022-08-24,1230
2022-08-25,396
2022-08-26,443
2022-08-27,1909
2022-08-28,494
2022-08-29,679
2022-08-30,606
2022-08-31,81
2022-09-01,739
2022-09-02,467
2022-09-03,925
2022-09-04,1094
2022-09-05,182
2022-09-06,208
2022-09-07,385
2022-09-08,391
2022-09-09,369
2022-09-10,234
2022-09-11,249
2022-09-12,1022
2022-09-13,1002
2022-09-14,644
2022-09-15,0
2022-09-16,0
2022-09-17,0
2022-09-18,0
2022-09-19,0
2022-09-20,0
2022-09-21,0
2022-09-22,0
2022-09-23,0
2022-09-24,0
2022-09-25,0
2022-09-26,0
2022-09-27,0
2022-09-28,0
2022-09-29,0
2022-09-30,0
2022-09-01,739
2022-09-02,467
2022-09-03,924
2022-09-04,1096
2022-09-05,180
2022-09-06,208
2022-09-07,385
2022-09-08,391
2022-09-09,369
2022-09-10,234
2022-09-11,249
2022-09-12,1030
2022-09-13,988
2022-09-14,648
2022-09-15,73
2022-09-16,1182
2022-09-17,501
2022-09-18,291
2022-09-19,88
2022-09-20,137
2022-09-21,174
2022-09-22,887
2022-09-23,79
2022-09-24,71
2022-09-25,162
2022-09-26,99
2022-09-27,412
2022-09-28,475
2022-09-29,529
2022-09-30,0
2022-10-01,246
2022-10-02,173
2022-10-03,43
2022-10-04,159
2022-10-05,266
2022-10-06,44
2022-10-07,598
2022-10-08,323
2022-10-09,290
2022-10-10,118
2022-10-11,268
2022-10-12,306
2022-10-13,344
2022-10-14,67
2022-10-15,332
2022-10-16,0
2022-10-17,0
2022-10-18,0
2022-10-19,0
2022-10-20,0
2022-10-21,0
2022-10-22,0
2022-10-23,0
2022-10-24,0
2022-10-25,0
2022-10-26,0
2022-10-27,0
2022-10-28,0
2022-10-29,0
2022-10-30,0
2022-10-31,0
2022-10-01,246
2022-10-02,173
2022-10-03,43
2022-10-04,159
2022-10-05,266
2022-10-06,44
2022-10-07,598
2022-10-08,323
2022-10-09,289
2022-10-10,118
2022-10-11,267
2022-10-12,306
2022-10-13,344
2022-10-14,65
2022-10-15,440
2022-10-16,312
2022-10-17,50
2022-10-18,381
2022-10-19,277
2022-10-20,676
2022-10-21,325
2022-10-22,690
2022-10-23,196
2022-10-24,634
2022-10-25,596
2022-10-26,1094
2022-10-27,1449
2022-10-28,692
2022-10-29,582
2022-10-30,1487
2022-10-31,129
2022-11-01,708
2022-11-02,403
2022-11-03,938
2022-11-04,39
2022-11-05,224
2022-11-06,501
2022-11-07,385
2022-11-08,702
2022-11-09,523
2022-11-10,530
2022-11-11,510
2022-11-12,486
2022-11-13,402
2022-11-14,1258
2022-11-15,25
2022-11-16,0
2022-11-17,0
2022-11-18,0
2022-11-19,0
2022-11-20,0
2022-11-21,0
2022-11-22,0
2022-11-23,0
2022-11-24,0
2022-11-25,0
2022-11-26,0
2022-11-27,0
2022-11-28,0
2022-11-29,0
2022-11-30,0
2022-11-01,708
2022-11-02,405
2022-11-03,937
2022-11-04,39
2022-11-05,224
2022-11-06,501
2022-11-07,384
2022-11-08,702
2022-11-09,517
2022-11-10,529
2022-11-11,509
2022-11-12,482
2022-11-13,403
2022-11-14,1258
2022-11-15,319
2022-11-16,288
2022-11-17,26
2022-11-18,102
2022-11-19,147
2022-11-20,137
2022-11-21,441
2022-11-22,0
2022-11-23,0
2022-11-24,0
2022-11-25,0
2022-11-26,0
2022-11-27,0
2022-11-28,0
2022-11-29,0
2022-11-30,0
2022-12-01,0
2022-12-02,305
2022-12-03,15
2022-12-04,201
2022-12-05,892
2022-12-06,874
2022-12-07,259
2022-12-08,311
2022-12-09,129
2022-12-10,91
2022-12-11,708
2022-12-12,0
2022-12-13,0
2022-12-14,526
2022-12-15,0
2022-12-16,0
2022-12-17,0
2022-12-18,0
2022-12-19,0
2022-12-20,0
2022-12-21,0
2022-12-22,0
2022-12-23,0
2022-12-24,0
2022-12-25,0
2022-12-26,0
2022-12-27,0
2022-12-28,0
2022-12-29,0
2022-12-30,0
2022-12-31,0
2022-12-01,0
2022-12-02,305
2022-12-03,15
2022-12-04,201
2022-12-05,894
2022-12-06,866
2022-12-07,259
2022-12-08,315
2022-12-09,127
2022-12-10,93
2022-12-11,708
2022-12-12,0
2022-12-13,0
2022-12-14,527
2022-12-15,56
2022-12-16,10
2022-12-17,43
2022-12-18,144
2022-12-19,261
2022-12-20,917
2022-12-21,790
2022-12-22,251
2022-12-23,108
2022-12-24,85
2022-12-25,82
2022-12-26,483
2022-12-27,650
2022-12-28,939
2022-12-29,333
2022-12-30,657
2022-12-31,672
2023-01-01,525
2023-01-02,499
2023-01-03,1193
2023-01-04,337
2023-01-05,256
2023-01-06,376
2023-01-07,50
2023-01-08,364
2023-01-09,98
2023-01-10,37
2023-01-11,0
2023-01-12,73
2023-01-13,0
2023-01-14,0
2023-01-15,0
2023-01-16,0
2023-01-17,0
2023-01-18,0
2023-01-19,0
2023-01-20,0
2023-01-21,0
2023-01-22,0
2023-01-23,0
2023-01-24,0
2023-01-25,0
2023-01-26,0
2023-01-27,0
2023-01-28,0
2023-01-29,0
2023-01-30,0
2023-01-31,0
2023-01-01,525
2023-01-02,499
2023-01-03,1193
2023-01-04,337
2023-01-05,256
2023-01-06,376
2023-01-07,50
2023-01-08,364
2023-01-09,98
2023-01-10,37
2023-01-11,0
2023-01-12,73
2023-01-13,0
2023-01-14,0
2023-01-15,7
2023-01-16,47
2023-01-17,0
2023-01-18,0
2023-01-19,0
2023-01-20,0
2023-01-21,43
2023-01-22,0
2023-01-23,35
2023-01-24,162
2023-01-25,351
2023-01-26,0
2023-01-27,0
2023-01-28,271
2023-01-29,235
2023-01-30,0
2023-01-31,0
2023-02-01,0
2023-02-02,75
2023-02-03,473
2023-02-04,76
2023-02-05,1
2023-02-06,386
2023-02-07,486
2023-02-08,0
2023-02-09,0
2023-02-10,0
2023-02-11,0
2023-02-12,0
2023-02-13,26
2023-02-14,287
2023-02-15,61
2023-02-16,0
2023-02-17,0
2023-02-18,0
2023-02-19,0
2023-02-20,0
2023-02-21,0
2023-02-22,0
2023-02-23,0
2023-02-24,0
2023-02-25,0
2023-02-26,0
2023-02-27,0
2023-02-28,0
2023-02-01,0
2023-02-02,75
2023-02-03,473
2023-02-04,76
2023-02-05,1
2023-02-06,386
2023-02-07,486
2023-02-08,0
2023-02-09,0
2023-02-10,0
2023-02-11,0
2023-02-12,0
2023-02-13,26
2023-02-14,288
2023-02-15,813
2023-02-16,1568
2023-02-17,999
2023-02-18,1027
2023-02-19,836
2023-02-20,284
2023-02-21,279
2023-02-22,330
2023-02-23,1117
2023-02-24,246
2023-02-25,81
2023-02-26,79
2023-02-27,0
2023-02-28,0
2023-03-01,0
2023-03-02,0
2023-03-03,211
2023-03-04,0
2023-03-05,0
2023-03-06,0
2023-03-07,0
2023-03-08,470
2023-03-09,1869
2023-03-10,1090
2023-03-11,1579
2023-03-12,343
2023-03-13,17
2023-03-14,15
2023-03-15,0
2023-03-16,0
2023-03-17,0
2023-03-18,0
2023-03-19,0
2023-03-20,0
2023-03-21,0
2023-03-22,0
2023-03-23,0
2023-03-24,0
2023-03-25,0
2023-03-26,0
2023-03-27,0
2023-03-28,0
2023-03-29,0
2023-03-30,0
2023-03-31,0
2023-03-01,0
2023-03-02,0
2023-03-03,211
2023-03-04,0
2023-03-05,0
2023-03-06,0
2023-03-07,0
2023-03-08,468
2023-03-09,1865
2023-03-10,1120
2023-03-11,1470
2023-03-12,343
2023-03-13,17
2023-03-14,15
2023-03-15,0
2023-03-16,0
2023-03-17,37
2023-03-18,274
2023-03-19,116
2023-03-20,0
2023-03-21,0
2023-03-22,0
2023-03-23,491
2023-03-24,2814
2023-03-25,2007
2023-03-26,772
2023-03-27,632
2023-03-28,161
2023-03-29,0
2023-03-30,40
2023-03-31,0
2023-04-01,321
2023-04-02,0
2023-04-03,67
2023-04-04,92
2023-04-05,167
2023-04-06,0
2023-04-07,540
2023-04-08,805
2023-04-09,1384
2023-04-10,54
2023-04-11,230
2023-04-12,966
2023-04-13,442
2023-04-14,722
2023-04-15,0
2023-04-16,0
2023-04-17,0
2023-04-18,0
2023-04-19,0
2023-04-20,0
2023-04-21,0
2023-04-22,0
2023-04-23,0
2023-04-24,0
2023-04-25,0
2023-04-26,0
2023-04-27,0
2023-04-28,0
2023-04-29,0
2023-04-30,0
2023-04-01,321
2023-04-02,0
2023-04-03,67
2023-04-04,92
2023-04-05,167
2023-04-06,0
2023-04-07,540
2023-04-08,804
2023-04-09,1387
2023-04-10,54
2023-04-11,230
2023-04-12,966
2023-04-13,442
2023-04-14,733
2023-04-15,221
2023-04-16,422
2023-04-17,201
2023-04-18,339
2023-04-19,378
2023-04-20,30
2023-04-21,131
2023-04-22,430
2023-04-23,673
2023-04-24,1135
2023-04-25,839
2023-04-26,1098
2023-04-27,1306
2023-04-28,703
2023-04-29,675
2023-04-30,0
2023-05-01,0
2023-05-02,168
2023-05-03,35
2023-05-04,0
2023-05-05,583
2023-05-06,1360
2023-05-07,340
2023-05-08,55
2023-05-09,374
2023-05-10,42
2023-05-11,0
2023-05-12,223
2023-05-13,129
2023-05-14,0
2023-05-15,0
2023-05-16,0
2023-05-17,0
2023-05-18,0
2023-05-19,0
2023-05-20,0
2023-05-21,0
2023-05-22,0
2023-05-23,0
2023-05-24,0
2023-05-25,0
2023-05-26,0
2023-05-27,0
2023-05-28,0
2023-05-29,0
2023-05-30,0
2023-05-31,0
2023-05-01,0
2023-05-02,168
2023-05-03,35
2023-05-04,0
2023-05-05,583
2023-05-06,1356
2023-05-07,341
2023-05-08,55
2023-05-09,374
2023-05-10,42
2023-05-11,0
2023-05-12,223
2023-05-13,129
2023-05-14,0
2023-05-15,0
2023-05-16,0
2023-05-17,0
2023-05-18,214
2023-05-19,845
2023-05-20,48
2023-05-21,0
2023-05-22,0
2023-05-23,42
2023-05-24,423
2023-05-25,671
2023-05-26,6
2023-05-27,95
2023-05-28,473
2023-05-29,455
2023-05-30,914
2023-05-31,0
2023-06-01,508
2023-06-02,571
2023-06-03,178
2023-06-04,16
2023-06-05,103
2023-06-06,525
2023-06-07,1014
2023-06-08,456
2023-06-09,480
2023-06-10,105
2023-06-11,493
2023-06-12,271
2023-06-13,482
2023-06-14,105
2023-06-15,0
2023-06-16,0
2023-06-17,0
2023-06-18,0
2023-06-19,0
2023-06-20,0
2023-06-21,0
2023-06-22,0
2023-06-23,0
2023-06-24,0
2023-06-25,0
2023-06-26,0
2023-06-27,0
2023-06-28,0
2023-06-29,0
2023-06-30,0
2023-06-01,508
2023-06-02,571
2023-06-03,178
2023-06-04,16
2023-06-05,103
2023-06-06,525
2023-06-07,1014
2023-06-08,456
2023-06-09,477
2023-06-10,105
2023-06-11,493
2023-06-12,271
2023-06-13,485
2023-06-14,105
2023-06-15,88
2023-06-16,0
2023-06-17,152
2023-06-18,753
2023-06-19,866
2023-06-20,564
2023-06-21,520
2023-06-22,899
2023-06-23,761
2023-06-24,301
2023-06-25,192
2023-06-26,0
2023-06-27,251
2023-06-28,1362
2023-06-29,2307
2023-06-30,252
2023-07-01,241
2023-07-02,70
2023-07-03,45
2023-07-04,616
2023-07-05,611
2023-07-06,1734
2023-07-07,1000
2023-07-08,268
2023-07-09,901
2023-07-10,1030
2023-07-11,1145
2023-07-12,618
2023-07-13,1026
2023-07-14,681
2023-07-15,316
2023-07-16,0
2023-07-17,0
2023-07-18,0
2023-07-19,0
2023-07-20,0
2023-07-21,0
2023-07-22,0
2023-07-23,0
2023-07-24,0
2023-07-25,0
2023-07-26,0
2023-07-27,0
2023-07-28,0
2023-07-29,
2023-07-30,0
2023-07-31,
2023-07-01,241
2023-07-02,70
2023-07-03,45
2023-07-04,616
2023-07-05,611
2023-07-06,1735
2023-07-07,1001
2023-07-08,268
2023-07-09,901
2023-07-10,1029
2023-07-11,1142
2023-07-12,619
2023-07-13,1017
2023-07-14,685
2023-07-15,1232
2023-07-16,1149
2023-07-17,1363
2023-07-18,1512
2023-07-19,970
2023-07-20,1351
2023-07-21,1034
2023-07-22,735
2023-07-23,956
2023-07-24,1279
2023-07-25,413
2023-07-26,72
2023-07-27,284
2023-07-28,271
2023-07-29,358
2023-07-30,203
2023-07-31,193
2023-08-01,225
2023-08-02,236
2023-08-03,1554
2023-08-04,1670
2023-08-05,579
2023-08-06,263
2023-08-07,0
2023-08-08,80
2023-08-09,460
2023-08-10,1706
2023-08-11,1363
2023-08-12,1472
2023-08-13,993
2023-08-14,891
2023-08-15,299
2023-08-16,0
2023-08-17,0
2023-08-18,0
2023-08-19,0
2023-08-20,0
2023-08-21,0
2023-08-22,0
2023-08-23,0
2023-08-24,0
2023-08-25,0
2023-08-26,0
2023-08-27,0
2023-08-28,0
2023-08-29,
2023-08-30,0
2023-08-31,0
2023-08-01,226
2023-08-02,236
2023-08-03,1554
2023-08-04,1669
2023-08-05,579
2023-08-06,263
2023-08-07,0
2023-08-08,80
2023-08-09,460
2023-08-10,1704
2023-08-11,1367
2023-08-12,1470
2023-08-13,993
2023-08-14,893
2023-08-15,593
2023-08-16,630
2023-08-17,969
2023-08-18,1195
2023-08-19,910
2023-08-20,720
2023-08-21,10
2023-08-22,373
2023-08-23,190
2023-08-24,1127
2023-08-25,2313
2023-08-26,3042
2023-08-27,978
2023-08-28,309
2023-08-29,99
2023-08-30,636
2023-08-31,0
2023-09-01,176
2023-09-02,45
2023-09-03,34
2023-09-04,310
2023-09-05,130
2023-09-06,0
2023-09-07,68
2023-09-08,31
2023-09-09,8
2023-09-10,317
2023-09-11,2073
2023-09-12,5018
2023-09-13,2980
2023-09-14,1125
2023-09-15,289
2023-09-16,0
2023-09-17,0
2023-09-18,0
2023-09-19,0
2023-09-20,0
2023-09-21,0
2023-09-22,0
2023-09-23,0
2023-09-24,0
2023-09-25,0
2023-09-26,0
2023-09-27,0
2023-09-28,0
2023-09-29,0
2023-09-30,0
2023-09-01,176
2023-09-02,45
2023-09-03,34
2023-09-04,310
2023-09-05,126
2023-09-06,0
2023-09-07,68
2023-09-08,31
2023-09-09,8
2023-09-10,315
2023-09-11,2063
2023-09-12,4998
2023-09-13,2980
2023-09-14,1125
2023-09-15,797
2023-09-16,1085
2023-09-17,1036
2023-09-18,590
2023-09-19,1650
2023-09-20,682
2023-09-21,110
2023-09-22,0
2023-09-23,0
2023-09-24,163
2023-09-25,28
2023-09-26,83
2023-09-27,59
2023-09-28,0
2023-09-29,363
2023-09-30,84
2023-10-01,411
2023-10-02,345
2023-10-03,745
2023-10-04,351
2023-10-05,296
2023-10-06,692
2023-10-07,203
2023-10-08,646
2023-10-09,712
2023-10-10,570
2023-10-11,148
2023-10-12,361
2023-10-13,296
2023-10-14,335
2023-10-15,127
2023-10-16,0
2023-10-17,0
2023-10-18,0
2023-10-19,0
2023-10-20,0
2023-10-21,0
2023-10-22,0
2023-10-23,0
2023-10-24,0
2023-10-25,0
2023-10-26,0
2023-10-27,0
2023-10-28,0
2023-10-29,0
2023-10-30,0
2023-10-01,411
2023-10-02,345
2023-10-03,745
2023-10-04,351
2023-10-05,296
2023-10-06,692
2023-10-07,203
2023-10-08,646
2023-10-09,712
2023-10-10,570
2023-10-11,148
2023-10-12,361
2023-10-13,296
2023-10-14,335
2023-10-15,534
2023-10-16,125
2023-10-17,46
2023-10-18,268
2023-10-19,184
2023-10-20,225
2023-10-21,0
2023-10-22,246
2023-10-23,0
2023-10-24,212
2023-10-25,56
2023-10-26,471
2023-10-27,177
2023-10-28,656
2023-10-29,686
2023-10-30,211
2023-10-31,211
2023-11-01,505
2023-11-02,118
2023-11-03,0
2023-11-04,606
2023-11-05,0
2023-11-06,251
2023-11-07,319
2023-11-08,0
2023-11-09,70
2023-11-10,587
2023-11-11,312
2023-11-12,366
2023-11-13,0
2023-11-14,1079
2023-11-15,596
2023-11-16,0
2023-11-17,0
2023-11-18,0
2023-11-19,0
2023-11-20,0
2023-11-21,0
2023-11-22,0
2023-11-23,0
2023-11-24,0
2023-11-25,0
2023-11-26,0
2023-11-27,0
2023-11-28,0
2023-11-29,0
2023-11-01,505
2023-11-02,118
2023-11-03,0
2023-11-04,606
2023-11-05,0
2023-11-06,251
2023-11-07,320
2023-11-08,0
2023-11-09,70
2023-11-10,588
2023-11-11,312
2023-11-12,370
2023-11-13,0
2023-11-14,1083
2023-11-15,1271
2023-11-16,0
2023-11-17,44
2023-11-18,0
2023-11-19,24
2023-11-20,1125
2023-11-21,433
2023-11-22,145
2023-11-23,21
2023-11-24,0
2023-11-25,0
2023-11-26,0
2023-11-27,832
2023-11-28,0
2023-11-29,56
2023-11-30,0
2023-12-01,38
2023-12-02,200
2023-12-03,151
2023-12-04,78
2023-12-05,8
2023-12-06,51
2023-12-07,185
2023-12-08,0
2023-12-09,0
2023-12-10,0
2023-12-11,0
2023-12-12,85
2023-12-13,148
2023-12-14,48
2023-12-15,0
2023-12-16,0
2023-12-17,0
2023-12-18,0
2023-12-19,0
2023-12-20,0
2023-12-21,0
2023-12-22,0
2023-12-23,0
2023-12-24,0
2023-12-25,0
2023-12-26,0
2023-12-27,0
2023-12-28,0
2023-12-29,0
2023-12-30,0
2023-12-31,0
2023-12-01,38
2023-12-02,200
2023-12-03,151
2023-12-04,78
2023-12-05,8
2023-12-06,51
2023-12-07,185
2023-12-08,0
2023-12-09,0
2023-12-10,0
2023-12-11,0
2023-12-12,85
2023-12-13,148
2023-12-14,48
2023-12-15,178
2023-12-16,36
2023-12-17,0
2023-12-18,0
2023-12-19,26
2023-12-20,4
2023-12-21,26
2023-12-22,0
2023-12-23,0
2023-12-24,0
2023-12-25,184
2023-12-26,530
2023-12-27,724
2023-12-28,620
2023-12-29,412
2023-12-30,698
2023-12-31,807
2024-01-01,147
2024-01-02,9
2024-01-03,336
2024-01-04,0
2024-01-05,60
2024-01-06,0
2024-01-07,0
2024-01-08,0
2024-01-09,0
2024-01-10,55
2024-01-11,142
2024-01-12,0
2024-01-13,0
2024-01-14,0
2024-01-15,0
2024-01-16,0
2024-01-17,0
2024-01-18,0
2024-01-19,0
2024-01-20,0
2024-01-21,0
2024-01-22,0
2024-01-23,0
2024-01-24,0
2024-01-25,0
2024-01-26,0
2024-01-27,0
2024-01-28,0
2024-01-29,0
2024-01-30,0
2024-01-31,0
2024-01-01,147
2024-01-02,9
2024-01-03,336
2024-01-04,0
2024-01-05,60
2024-01-06,0
2024-01-07,0
2024-01-08,0
2024-01-09,0
2024-01-10,55
2024-01-11,142
2024-01-12,0
2024-01-13,0
2024-01-14,0
2024-01-15,37
2024-01-16,0
2024-01-17,95
2024-01-18,35
2024-01-19,170
2024-01-20,86
2024-01-21,126
2024-01-22,0
2024-01-23,0
2024-01-24,0
2024-01-25,7
2024-01-26,0
2024-01-27,0
2024-01-28,115
2024-01-29,443
2024-01-30,211
2024-01-31,69
